CustomerId,ArrivalTime,ServiceStartTime,ServiceEndTime
1,12:31,12:31,12:49
2,12:34,12:34,12:51
3,12:35,12:37,12:44
5,12:37,12:38,12:55
7,12:41,12:41,12:48
8,12:44,12:44,13:01
10,12:50,12:50,12:56
11,12:54,12:54,13:12
13,12:55,12:57,13:06
14,12:56,12:58,13:09
15,12:57,12:59,13:14
16,12:58,13:01,13:17
17,13:04,13:04,13:12
20,13:04,13:05,13:20
21,13:06,13:07,13:25
22,13:08,13:10,13:18
23,13:16,13:16,13:32
25,13:17,13:18,13:34
26,13:19,13:20,13:26
28,13:19,13:21,13:36
29,13:20,13:23,13:33
30,13:20,13:24,13:40
31,13:24,13:26,13:34
32,13:26,13:27,13:35
33,13:29,13:29,13:45
34,13:42,13:42,13:53
35,13:43,13:43,13:50
36,13:46,13:46,14:03
37,13:46,13:49,13:56
38,13:51,13:51,14:08
39,13:52,13:54,14:00
40,13:54,13:55,14:13
41,13:56,13:58,14:04
42,13:57,13:59,14:15
43,14:01,14:01,14:29
44,14:01,14:04,14:26
45,14:02,14:06,14:18
46,14:02,14:07,14:27
47,14:05,14:09,14:26
48,14:06,14:11,14:39
49,14:07,14:14,14:36
50,14:08,14:16,14:31
51,14:16,14:17,14:37
52,14:16,14:19,14:38
53,14:20,14:21,14:53
54,14:22,14:24,14:55
55,14:25,14:27,14:44
58,14:25,14:28,14:45
59,14:26,14:30,14:47
63,14:31,14:32,15:00
64,14:32,14:35,14:55
65,14:39,14:39,14:59
66,14:40,14:41,15:12
67,14:45,14:45,15:00
68,14:45,14:46,15:15
69,14:45,14:49,15:18
70,14:49,14:52,15:12
71,14:51,14:54,15:24
72,14:51,14:57,15:19
73,14:54,14:59,15:17
75,14:54,15:01,15:21
76,14:57,15:03,15:36
77,14:58,15:06,15:38
78,14:58,15:09,15:24
79,15:00,15:10,15:27
81,15:01,15:12,15:34
82,15:03,15:14,15:36
83,15:03,15:16,15:38
84,15:05,15:18,15:50
85,15:07,15:21,15:41
86,15:09,15:23,15:54
88,15:11,15:26,15:40
89,15:15,15:27,15:58
90,15:15,15:30,15:51
91,15:20,15:32,16:05
92,15:21,15:35,15:51
93,15:23,15:36,15:53
94,15:23,15:37,16:06
95,15:24,15:40,15:58
96,15:26,15:42,16:13
No. of Arrivals (X),Obs Freq (Oi),Probability,Chi-Square
